item_id,pop_percent
it_01345,0.98324
it_03431,0.56123
it_04572,0.12098
it_98021,0.35476
it_01298,0.92101
it_90120,0.81212
it_10123,0.56502
